[
    {
        "unique_name":"bing",
        "title":"Bing",
        "default":false,
        "suggest":"http://api.bing.com/osjson.aspx?query={searchTerms}&language={language-country}",
        "order":4,
        "url":"http://m.safemobilesearch.net/search?q={searchTerms}&gd=MS1000082&searchsource=3",
        "logo":"http://opsen-static.dolphin-browser.com/resources/icon/provision_services/1435648996.png",
        "id":27,
        "color":"#ffa511",
        "icon":"http://opsen-static.dolphin-browser.com/resources/icon/provision_services/1435648996.png"
    },
    {
        "unique_name":"bing",
        "title":"Bing",
        "default":false,
        "suggest":"http://api.bing.com/osjson.aspx?query={searchTerms}&language={language-country}",
        "order":4,
        "url":"http://m.safemobilesearch.net/search?q={searchTerms}&gd=MS1000081&searchsource=3",
        "logo":"http://opsen-static.dolphin-browser.com/resources/icon/provision_services/1435648996.png",
        "id":27,
        "color":"#ffa511",
        "icon":"http://opsen-static.dolphin-browser.com/resources/icon/provision_services/1435648996.png"
    }
]